{
"meta":{"test_sets":[],"test_metrics":[],"learn_metrics":[{"best_value":"Min","name":"RMSE"}],"launch_mode":"Train","parameters":"","iteration_count":50,"learn_sets":["learn"],"name":"experiment"},
"iterations":[
{"learn":[326443.8214],"iteration":0,"passed_time":0.03342132567,"remaining_time":1.637644958},
{"learn":[291218.731],"iteration":1,"passed_time":0.03886623802,"remaining_time":0.9327897125},
{"learn":[270966.6251],"iteration":2,"passed_time":0.04389377156,"remaining_time":0.6876690878},
{"learn":[258393.75],"iteration":3,"passed_time":0.0473863205,"remaining_time":0.5449426858},
{"learn":[253612.5452],"iteration":4,"passed_time":0.05061014368,"remaining_time":0.4554912931},
{"learn":[245754.207],"iteration":5,"passed_time":0.05376181977,"remaining_time":0.394253345},
{"learn":[244020.0557],"iteration":6,"passed_time":0.05760723368,"remaining_time":0.3538730069},
{"learn":[242386.4178],"iteration":7,"passed_time":0.06098099217,"remaining_time":0.3201502089},
{"learn":[241088.7698],"iteration":8,"passed_time":0.06353374485,"remaining_time":0.2894315043},
{"learn":[235121.9236],"iteration":9,"passed_time":0.06687236757,"remaining_time":0.2674894703},
{"learn":[231865.5499],"iteration":10,"passed_time":0.06934821207,"remaining_time":0.2458709337},
{"learn":[228934.5894],"iteration":11,"passed_time":0.07227619204,"remaining_time":0.2288746081},
{"learn":[228082.358],"iteration":12,"passed_time":0.07457178576,"remaining_time":0.2122427749},
{"learn":[226368.5297],"iteration":13,"passed_time":0.07882777426,"remaining_time":0.202699991},
{"learn":[224323.6695],"iteration":14,"passed_time":0.08170225413,"remaining_time":0.190638593},
{"learn":[223570.7239],"iteration":15,"passed_time":0.08438064283,"remaining_time":0.179308866},
{"learn":[221773.2705],"iteration":16,"passed_time":0.087407808,"remaining_time":0.1696739802},
{"learn":[221240.7674],"iteration":17,"passed_time":0.09008713708,"remaining_time":0.1601549104},
{"learn":[220760.2594],"iteration":18,"passed_time":0.09266420061,"remaining_time":0.1511889589},
{"learn":[220326.8885],"iteration":19,"passed_time":0.09483425105,"remaining_time":0.1422513766},
{"learn":[219953.4923],"iteration":20,"passed_time":0.09786222998,"remaining_time":0.1351430795},
{"learn":[218640.0228],"iteration":21,"passed_time":0.1008588603,"remaining_time":0.1283658222},
{"learn":[217642.9347],"iteration":22,"passed_time":0.1041771288,"remaining_time":0.1222948904},
{"learn":[217317.631],"iteration":23,"passed_time":0.1072847365,"remaining_time":0.1162251312},
{"learn":[216896.9354],"iteration":24,"passed_time":0.10973705,"remaining_time":0.10973705},
{"learn":[216493.7274],"iteration":25,"passed_time":0.1127651191,"remaining_time":0.1040908792},
{"learn":[215434.2877],"iteration":26,"passed_time":0.1154305332,"remaining_time":0.09832971348},
{"learn":[215166.0689],"iteration":27,"passed_time":0.1184425418,"remaining_time":0.09306199711},
{"learn":[214920.1473],"iteration":28,"passed_time":0.1204705076,"remaining_time":0.08723726416},
{"learn":[213979.0033],"iteration":29,"passed_time":0.1231756216,"remaining_time":0.08211708108},
{"learn":[212818.1144],"iteration":30,"passed_time":0.1258178157,"remaining_time":0.07711414513},
{"learn":[212608.8547],"iteration":31,"passed_time":0.127829063,"remaining_time":0.07190384796},
{"learn":[212396.651],"iteration":32,"passed_time":0.1302816603,"remaining_time":0.06711479473},
{"learn":[211532.6328],"iteration":33,"passed_time":0.1331082634,"remaining_time":0.06263918277},
{"learn":[211337.7118],"iteration":34,"passed_time":0.1356162501,"remaining_time":0.05812125004},
{"learn":[211158.3036],"iteration":35,"passed_time":0.1381424067,"remaining_time":0.05372204706},
{"learn":[210992.9664],"iteration":36,"passed_time":0.1400943061,"remaining_time":0.04922232377},
{"learn":[210003.5759],"iteration":37,"passed_time":0.1424140505,"remaining_time":0.04497285806},
{"learn":[209272.8896],"iteration":38,"passed_time":0.1454327158,"remaining_time":0.04101948395},
{"learn":[208616.0615],"iteration":39,"passed_time":0.1475792789,"remaining_time":0.03689481972},
{"learn":[207692.5513],"iteration":40,"passed_time":0.150202032,"remaining_time":0.03297117775},
{"learn":[207066.6231],"iteration":41,"passed_time":0.1524228839,"remaining_time":0.02903293027},
{"learn":[206840.2137],"iteration":42,"passed_time":0.1543308639,"remaining_time":0.025123629},
{"learn":[206717.4862],"iteration":43,"passed_time":0.1568273758,"remaining_time":0.02138555124},
{"learn":[206326.4301],"iteration":44,"passed_time":0.1588789017,"remaining_time":0.0176532113},
{"learn":[206184.0943],"iteration":45,"passed_time":0.1609730137,"remaining_time":0.01399765337},
{"learn":[205460.6456],"iteration":46,"passed_time":0.1638621202,"remaining_time":0.01045928427},
{"learn":[205168.318],"iteration":47,"passed_time":0.166029652,"remaining_time":0.006917902166},
{"learn":[205011.2915],"iteration":48,"passed_time":0.1683817472,"remaining_time":0.003436362187},
{"learn":[204883.281],"iteration":49,"passed_time":0.170908811,"remaining_time":0}
]}