﻿Parameter,Value
Applicant Management Extract,I:\HNS Data Analytics & Info Mgmt\National Housing Strategy\Reporting\NHS Reporting tools\Dashboards and NHS uploader\Operational KPI dashboard\Data\2022\March\AME.csv
Calendar Year,2022
Month Name,March
Output details (y/n),n
Output summary(y/n),n
Details/summary folder path,I:\HNS Data Analytics & Info Mgmt\National Housing Strategy\Reporting\NHS Reporting tools\Dashboards and NHS uploader\Operational KPI dashboard\Output
Upload to Oracle,y
Exclude rent supp only applications,n
Operating Targets file path,I:\HNS Data Analytics & Info Mgmt\National Housing Strategy\Reporting\NHS Reporting tools\Dashboards and NHS uploader\Operational KPI dashboard\Script\Targets.csv
Upload Operating Targets,n
Cancelled Applications Filepath,I:\HNS Data Analytics & Info Mgmt\National Housing Strategy\Reporting\NHS Reporting tools\Dashboards and NHS uploader\Operational KPI dashboard\Data\2022\March\AME_CANCELLED.csv
Output details (y/n),n
Output summary(y/n),n
Upload to Oracle,y
Exclude rent supp only applications,n
Waitlist Long Report path,I:\HNS Data Analytics & Info Mgmt\National Housing Strategy\Reporting\NHS Reporting tools\Dashboards and NHS uploader\Operational KPI dashboard\Data\2022\March\AME_LONG.csv
Reporting Day,31
Housed Applications Filepath,I:\HNS Data Analytics & Info Mgmt\National Housing Strategy\Reporting\NHS Reporting tools\Dashboards and NHS uploader\Operational KPI dashboard\Data\2022\March\AME_HOUSED.csv
Output details (y/n),n
Output summary(y/n),n
Upload to Oracle,y
Exclude rent supp only applications,n
