sales_date,sales_amount,region,product
2023-01-01,150,North,"Product A"
2023-01-02,200,West,"Product B"
2023-01-03,250,East,"Product A"
2023-01-04,300,South,"Product C"
2023-01-05,200,North,"Product C"
2023-01-06,180,West,"Product B"
2023-01-07,220,East,"Product A"
2023-01-08,260,North,"Product C"
2023-01-09,190,West,"Product B"
2023-01-10,300,South,"Product C"
2023-01-11,160,North,"Product A"
2023-01-12,230,West,"Product B"
2023-01-13,290,East,"Product C"
2023-01-14,220,South,"Product A"
