<?xml version="1.0" encoding="UTF-8"?>
<!-- edited with XMLSpy v2015 sp2 (http://www.altova.com) by 851755561 (RBC Royal Bank) -->
<SharePointViewer>
	<Server URL="http://rbcwss.fg.rbc.com">
		<Site Name="Report Catalogue" Path="/ykl0/H23_ssrcreport">
			<List Name="Report Catalogue" SPName="FSS RS Report Catalogue">
				<DataGridView Name="dgvRCActive">
					<CAML>
						<View>
							<Query>
								<OrderBy>
									<FieldRef Name="Title" Ascending="TRUE"/>
								</OrderBy>
								<Where>
									<And>
										<Eq>
											<FieldRef Name="SSRC_x0020_Primary_x0020_Prepare"/>
											<Value Type="User">
												<UserID/>
											</Value>
										</Eq>
										<Eq>
											<FieldRef Name="Report_x0020_Status"/>
											<Value Type="Text">Active</Value>
										</Eq>
									</And>
								</Where>
							</Query>
						</View>
					</CAML>
					<Column dtcName="Report Number" dgHeaderText="Report #" dgColumnWidth="90" spName="Title" spType="Text" Visible="True"/>
					<Column dtcName="Report Name" dgHeaderText="Report Name" dgColumnWidth="220" spName="Report_x0020_Name" spType="Text" Visible="True"/>
					<Column dtcName="Delivery Date Time" dgHeaderText="Delivery Date/Time" dgColumnWidth="200" spType="DTCalculated:DetermineDeliveryDeadlines" Visible="True"/>
					<Column dtcName="Recipient" dgHeaderText="Recipient" dgColumnWidth="190" spName="Report_x0020_Recipient_x0020_or_" spType="Text" Visible="True"/>
					<Column dtcName="Processing Time" dgHeaderText="Processing Time (Hours)" dgColumnWidth="200" spType="DTCalculated:DetermineProcessingTimes" Visible="True"/>
					<Column dtcName="Report Frequency" dgHeaderText="Frequency" dgColumnWidth="90" spName="Report_x0020_Frequency" spType="Text" Visible="True"/>
					<Column dtcName="Deployment Tool" dgHeaderText="Deployment Tool" dgColumnWidth="110" spName="Deployment_x0020_Tool_x0028_s_x0" spType="MultiChoice" Visible="True"/>
					<Column dtcName="Report Contact" dgHeaderText="Report Contact" dgColumnWidth="110" spName="Report_x0020_Recipient" spType="Text" Visible="True"/>
					<Column dtcName="Relationship Manager" dgHeaderText="" dgColumnWidth="110" spName="Relationship_x0020_Manager" spType="Text" Visible="False"/>
					<Email MenuOption="Question For Report Contact" Subject='Question about FSS-RS Report "{Report Number}-{Report Name}"' To="Report Contact" CC="Relationship Manager">
						<MessageBody>
							<br/>
							<br/>
							<p>
								<a href="#DisplayFormURL#">Please click here to view the Report Catalog for Report #{Report Number}</a>
							</p>
						</MessageBody>
					</Email>
					<Email MenuOption="Question For Relationship Manager" Subject='Question about FSS-RS Report "{Report Number}-{Report Name}"' To="Relationship Manager" CC="">
						<MessageBody>
							~FirstName~,
							<br/>
							<br/>
							<p>
								<a href="#DisplayFormURL#">Please click here to view the Report Catalog for Report #{Report Number}
								</a>
							</p>
						</MessageBody>
					</Email>
				</DataGridView>
				<DataGridView Name="dgvRCOther">
					<CAML>
						<View>
							<Query>
								<OrderBy>
									<FieldRef Name="Title" Ascending="TRUE"/>
								</OrderBy>
								<Where>
									<And>
										<Eq>
											<FieldRef Name="SSRC_x0020_Primary_x0020_Prepare"/>
											<Value Type="User">
												<UserID/>
											</Value>
										</Eq>
										<Neq>
											<FieldRef Name="Report_x0020_Status"/>
											<Value Type="Text">Active</Value>
										</Neq>
									</And>
								</Where>
							</Query>
						</View>
					</CAML>
					<Column dtcName="Report Number" dgHeaderText="Report #" dgColumnWidth="90" spName="Title" spType="Text" Visible="True"/>
					<Column dtcName="Report Name" dgHeaderText="Report Name" dgColumnWidth="270" spName="Report_x0020_Name" spType="Text" Visible="True"/>
					<Column dtcName="Status" dgHeaderText="Status" dgColumnWidth="120" spName="Report_x0020_Status" spType="Choice" Visible="True"/>
					<Column dtcName="Report Contact" dgHeaderText="Report Contact" dgColumnWidth="140" spName="Report_x0020_Recipient" spType="Text" Visible="True"/>
					<Column dtcName="Report Frequency" dgHeaderText="Frequency" dgColumnWidth="90" spName="Report_x0020_Frequency" spType="Text" Visible="True"/>
					<Column dtcName="Deployment Tool" dgHeaderText="Deployment Tool" dgColumnWidth="110" spName="Deployment_x0020_Tool_x0028_s_x0" spType="MultiChoice" Visible="True"/>
					<Column dtcName="Relationship Manager" dgHeaderText="" dgColumnWidth="110" spName="Relationship_x0020_Manager" spType="Text" Visible="False"/>
					<Email MenuOption="Question For Relationship Manager" Subject='Question about FSS-RS Report "{Report Number}-{Report Name}"' To="Relationship Manager" CC="">
						<MessageBody>
							~FirstName~,
							<br/>
							<br/>
							<p>
								<a href="#DisplayFormURL#">Please click here to view the Report Catalog for Report #{Report Number}
								</a>
							</p>
						</MessageBody>
					</Email>
				</DataGridView>
			</List>
		</Site>
		<Site Name="Workflow And Issue Tracking" Path="/ykl0/F06_sharedserv">
			<List Name="Request Submission" SPName="Request Submission">
				<DataGridView Name="dgvRSActive">
					<CAML>
						<View>
							<Query>
								<OrderBy>
									<FieldRef Name="DueDate" Ascending="TRUE"/>
								</OrderBy>
								<Where>
									<And>
										<Eq>
											<FieldRef Name="AssignedTo"/>
											<Value Type="User">
												<UserID/>
											</Value>
										</Eq>
										<Eq>
											<FieldRef Name="Status"/>
											<Value Type="Text">Active</Value>
										</Eq>
									</And>
								</Where>
							</Query>
						</View>
					</CAML>
					<Column dtcName="ID" dgHeaderText="ID" dgColumnWidth="50" spName="ID" spType="Text" Visible="True"/>
					<Column dtcName="Request Type" dgHeaderText="Request Type" dgColumnWidth="100" spName="Request_x0020_Type" spType="Text" Visible="True"/>
					<Column dtcName="Report Number" dgHeaderText="Report #" dgColumnWidth="90" spName="Report_x0020_Number" spType="Text" Visible="True"/>
					<Column dtcName="Report Name" dgHeaderText="Report Name" dgColumnWidth="220" spName="Title" spType="Text" Visible="True"/>
					<Column dtcName="Due Date" dgHeaderText="Due Date" dgColumnWidth="140" spName="DueDate" spType="DateTime" Visible="True"/>
					<Column dtcName="Report Requester" dgHeaderText="Report Requester" dgColumnWidth="120" spName="Report_x0020_Requester" spType="User" Visible="True"/>
					<Column dtcName="Request Purpose" dgHeaderText="Request Purpose" dgColumnWidth="265" spName="Purpose_x0020_of_x0020_Request" spType="Text" Visible="True"/>
					<Column dtcName="Relationship Manager" dgHeaderText="" dgColumnWidth="120" spName="Relationship_x0020_Manager0" spType="Text" Visible="False"/>
					<Email MenuOption="Acknowledge Request" Subject='FSS-RS Request Submission ID {ListItemID} for "{Report Name}" has been received' To="Report Requester" CC="Relationship Manager">
						<MessageBody>
							~FirstName~,
							<br/>
							<br/>
							<p>
								<a href="#DisplayFormURL#">Please click here to view Request Submission #{ListItemId}</a>
							</p>
						</MessageBody>
					</Email>
					<Email MenuOption="Completed Request" Subject='FSS-RS Request Submission ID {ListItemID} for "{Report Name}" has been completed' To="Report Requester" CC="Relationship Manager">
						<MessageBody>
							~FirstName~,
							<br/>
							<br/>
							<p>
								Could you please review the changes and let me know if you have any questions? If the changes are acceptable, please provide your sign-off by replying to this email so that we can close the Request Submission.
							</p>
							<p>
								<a href="#DisplayFormURL#">Please click here to view Request Submission #{ListItemId}</a>
							</p>
						</MessageBody>
					</Email>
					<Email MenuOption="Question for Request Submitter" Subject='Question about FSS-RS Request Submission ID {ListItemID} for "{Report Name}"' To="Report Requester" CC="Relationship Manager">
						<MessageBody>
							~FirstName~,
							<br/>
							<br/>
							<p>
								<a href="#DisplayFormURL#">Please click here to view Request Submission #{ListItemId}</a>
							</p>
						</MessageBody>
					</Email>
					<Email MenuOption="Question For Relationship Manager" Subject='Question about FSS-RS Request Submission ID {ListItemID} for "{Report Name}"' To="Relationship Manager" CC="">
						<MessageBody>
							~FirstName~,
							<br/>
							<br/>
							<p>
								<a href="#DisplayFormURL#">Please click here to view Request Submission #{ListItemId}
								</a>
							</p>
						</MessageBody>
					</Email>
				</DataGridView>
				<DataGridView Name="dgvRSSubmitted">
					<CAML>
						<View>
							<Query>
								<OrderBy>
									<FieldRef Name="DueDate" Ascending="TRUE"/>
								</OrderBy>
								<Where>
									<And>
										<Eq>
											<FieldRef Name="AssignedTo"/>
											<Value Type="User">
												<UserID/>
											</Value>
										</Eq>
										<Eq>
											<FieldRef Name="Status"/>
											<Value Type="Text">Submitted</Value>
										</Eq>
									</And>
								</Where>
							</Query>
						</View>
					</CAML>
					<Column dtcName="ID" dgHeaderText="ID" dgColumnWidth="50" spName="ID" spType="Text" Visible="True"/>
					<Column dtcName="Request Type" dgHeaderText="Request Type" dgColumnWidth="100" spName="Request_x0020_Type" spType="Text" Visible="True"/>
					<Column dtcName="Report Number" dgHeaderText="Report #" dgColumnWidth="90" spName="Report_x0020_Number" spType="Text" Visible="True"/>
					<Column dtcName="Report Name" dgHeaderText="Report Name" dgColumnWidth="220" spName="Title" spType="Text" Visible="True"/>
					<Column dtcName="Due Date" dgHeaderText="Due Date" dgColumnWidth="140" spName="DueDate" spType="DateTime" Visible="True"/>
					<Column dtcName="Report Requester" dgHeaderText="Report Requester" dgColumnWidth="120" spName="Report_x0020_Requester" spType="User" Visible="True"/>
					<Column dtcName="Request Purpose" dgHeaderText="Request Purpose" dgColumnWidth="265" spName="Purpose_x0020_of_x0020_Request" spType="Text" Visible="True"/>
					<Column dtcName="Relationship Manager" dgHeaderText="" dgColumnWidth="120" spName="Relationship_x0020_Manager0" spType="Text" Visible="False"/>
					<Email MenuOption="Acknowledge Request" Subject='FSS-RS Request Submission ID {ListItemID} for "{Report Name}" has been received' To="Report Requester" CC="Relationship Manager">
						<MessageBody>
							~FirstName~,
							<br/>
							<br/>
							<p>
								<a href="#DisplayFormURL#">Please click here to view Request Submission #{ListItemId}</a>
							</p>
						</MessageBody>
					</Email>
					<Email MenuOption="Question for Request Submitter" Subject='Question about FSS-RS Request Submission ID {ListItemID} for "{Report Name}"' To="Report Requester" CC="Relationship Manager">
						<MessageBody>
							~FirstName~,
							<br/>
							<br/>
							<p>
								<a href="#DisplayFormURL#">Please click here to view Request Submission #{ListItemId}</a>
							</p>
						</MessageBody>
					</Email>
					<Email MenuOption="Question For Relationship Manager" Subject='Question about FSS-RS Request Submission ID {ListItemID} for "{Report Name}"' To="Relationship Manager" CC="">
						<MessageBody>
							~FirstName~,
							<br/>
							<br/>
							<p>
								<a href="#DisplayFormURL#">Please click here to view Request Submission #{ListItemId}
								</a>
							</p>
						</MessageBody>
					</Email>
				</DataGridView>
				<DataGridView Name="dgvRSWaitingForConfirmation">
					<CAML>
						<View>
							<Query>
								<OrderBy>
									<FieldRef Name="DueDate" Ascending="TRUE"/>
								</OrderBy>
								<Where>
									<And>
										<Eq>
											<FieldRef Name="AssignedTo"/>
											<Value Type="User">
												<UserID/>
											</Value>
										</Eq>
										<Eq>
											<FieldRef Name="Status"/>
											<Value Type="Text">Waiting For Platform Confirmation</Value>
										</Eq>
									</And>
								</Where>
							</Query>
						</View>
					</CAML>
					<Column dtcName="ID" dgHeaderText="ID" dgColumnWidth="50" spName="ID" spType="Text" Visible="True"/>
					<Column dtcName="Request Type" dgHeaderText="Request Type" dgColumnWidth="100" spName="Request_x0020_Type" spType="Text" Visible="True"/>
					<Column dtcName="Report Number" dgHeaderText="Report #" dgColumnWidth="90" spName="Report_x0020_Number" spType="Text" Visible="True"/>
					<Column dtcName="Report Name" dgHeaderText="Report Name" dgColumnWidth="220" spName="Title" spType="Text" Visible="True"/>
					<Column dtcName="Due Date" dgHeaderText="Due Date" dgColumnWidth="140" spName="DueDate" spType="DateTime" Visible="True"/>
					<Column dtcName="Report Requester" dgHeaderText="Report Requester" dgColumnWidth="120" spName="Report_x0020_Requester" spType="User" Visible="True"/>
					<Column dtcName="Request Purpose" dgHeaderText="Request Purpose" dgColumnWidth="265" spName="Purpose_x0020_of_x0020_Request" spType="Text" Visible="True"/>
					<Column dtcName="Relationship Manager" dgHeaderText="" dgColumnWidth="120" spName="Relationship_x0020_Manager0" spType="Text" Visible="False"/>
					<Email MenuOption="Contact Request Submitter" Subject='FSS-RS Request Submission ID {ListItemID} for "{Report Name}"' To="Report Requester" CC="Relationship Manager">
						<MessageBody>
							~FirstName~,
							<br/>
							<br/>
							<p>
								<a href="#DisplayFormURL#">Please click here to view Request Submission #{ListItemId}</a>
							</p>
						</MessageBody>
					</Email>
					<Email MenuOption="Contact Relationship Manager" Subject='FSS-RS Request Submission ID {ListItemID} for "{Report Name}"' To="Relationship Manager" CC="">
						<MessageBody>
							~FirstName~,
							<br/>
							<br/>
							<p>
								<a href="#DisplayFormURL#">Please click here to view Request Submission #{ListItemId}
								</a>
							</p>
						</MessageBody>
					</Email>
					<Email MenuOption="Completed Request" Subject='FSS-RS Request Submission ID {ListItemID} for "{Report Name}" has been completed' To="Report Requester" CC="Relationship Manager">
						<MessageBody>
							~FirstName~,
							<br/>
							<br/>
							<p>
								Could you please review the changes and let me know if you have any questions? If the changes are acceptable, please provide your sign-off by replying to this email so that we can close the Request Submission.
							</p>
							<p>
								<a href="#DisplayFormURL#">Please click here to view Request Submission #{ListItemId}</a>
							</p>
						</MessageBody>
					</Email>
				</DataGridView>
				<DataGridView Name="dgvRSOther">
					<CAML>
						<View>
							<Query>
								<OrderBy>
									<FieldRef Name="DueDate" Ascending="TRUE"/>
								</OrderBy>
								<Where>
									<And>
										<Eq>
											<FieldRef Name="AssignedTo"/>
											<Value Type="User">
												<UserID/>
											</Value>
										</Eq>
										<And>
											<Neq>
												<FieldRef Name="Status"/>
												<Value Type="Text">Active</Value>
											</Neq>
											<And>
												<Neq>
													<FieldRef Name="Status"/>
													<Value Type="Text">Submitted</Value>
												</Neq>
												<Neq>
													<FieldRef Name="Status"/>
													<Value Type="Text">Waiting For Platform Confirmation</Value>
												</Neq>
											</And>
										</And>
									</And>
								</Where>
							</Query>
						</View>
					</CAML>
					<Column dtcName="ID" dgHeaderText="ID" dgColumnWidth="50" spName="ID" spType="Text" Visible="True"/>
					<Column dtcName="Request Type" dgHeaderText="Request Type" dgColumnWidth="100" spName="Request_x0020_Type" spType="Text" Visible="True"/>
					<Column dtcName="Report Number" dgHeaderText="Report #" dgColumnWidth="90" spName="Report_x0020_Number" spType="Text" Visible="True"/>
					<Column dtcName="Report Name" dgHeaderText="Report Name" dgColumnWidth="220" spName="Title" spType="Text" Visible="True"/>
					<Column dtcName="Status" dgHeaderText="Status" dgColumnWidth="90" spName="Status" spType="Text" Visible="True"/>
					<Column dtcName="Date Completed" dgHeaderText="Completed/Resolved" dgColumnWidth="140" spName="Close_x0020_Date" spType="DateTime" Visible="True"/>
					<Column dtcName="Report Requester" dgHeaderText="Report Requester" dgColumnWidth="120" spName="Report_x0020_Requester" spType="User" Visible="True"/>
					<Column dtcName="Request Purpose" dgHeaderText="Request Purpose" dgColumnWidth="265" spName="Purpose_x0020_of_x0020_Request" spType="Text" Visible="True"/>
					<Column dtcName="Relationship Manager" dgHeaderText="" dgColumnWidth="120" spName="Relationship_x0020_Manager0" spType="Text" Visible="False"/>
					<Email MenuOption="Contact Request Submitter" Subject='FSS-RS Request Submission ID {ListItemID} for "{Report Name}"' To="Report Requester" CC="Relationship Manager">
						<MessageBody>
							~FirstName~,
							<br/>
							<br/>
							<p>
								<a href="#DisplayFormURL#">Please click here to view Request Submission #{ListItemId}</a>
							</p>
						</MessageBody>
					</Email>
					<Email MenuOption="Contact Relationship Manager" Subject='FSS-RS Request Submission ID {ListItemID} for "{Report Name}"' To="Relationship Manager" CC="">
						<MessageBody>
							~FirstName~,
							<br/>
							<br/>
							<p>
								<a href="#DisplayFormURL#">Please click here to view Request Submission #{ListItemId}
								</a>
							</p>
						</MessageBody>
					</Email>
				</DataGridView>
			</List>
			<List Name="Run Adhoc" SPName="Request to re-run an existing report">
				<DataGridView Name="dgvRAActive">
					<CAML>
						<View>
							<Query>
								<OrderBy>
									<FieldRef Name="Requested_x0020_Due_x0020_Date_x" Ascending="TRUE"/>
								</OrderBy>
								<Where>
									<And>
										<Eq>
											<FieldRef Name="AssignedTo"/>
											<Value Type="User">
												<UserID/>
											</Value>
										</Eq>
										<Eq>
											<FieldRef Name="Status_x0020__x0028_COMPLETED_x0"/>
											<Value Type="Text">Active</Value>
										</Eq>
									</And>
								</Where>
							</Query>
						</View>
					</CAML>
					<Column dtcName="ID" dgHeaderText="ID" dgColumnWidth="50" spName="ID" spType="Text" Visible="True"/>
					<Column dtcName="Report Number" dgHeaderText="Report #" dgColumnWidth="90" spName="Title" spType="Text" Visible="True"/>
					<Column dtcName="Report Name" dgHeaderText="Report Name" dgColumnWidth="270" spName="Report_x0020_Name_x0020__x0028_C" spType="Text" Visible="True"/>
					<Column dtcName="Due Date" dgHeaderText="Due Date" dgColumnWidth="140" spName="Requested_x0020_Due_x0020_Date_x" spType="DateTime" Visible="True"/>
					<Column dtcName="Report Requestor" dgHeaderText="Report Requester" dgColumnWidth="120" spName="Report_x0020_Requester_x0020__x0" spType="User" Visible="True"/>
				</DataGridView>
				<DataGridView Name="dgvRASubmitted">
					<CAML>
						<View>
							<Query>
								<OrderBy>
									<FieldRef Name="Requested_x0020_Due_x0020_Date_x" Ascending="TRUE"/>
								</OrderBy>
								<Where>
									<And>
										<Eq>
											<FieldRef Name="AssignedTo"/>
											<Value Type="User">
												<UserID/>
											</Value>
										</Eq>
										<Eq>
											<FieldRef Name="Status_x0020__x0028_COMPLETED_x0"/>
											<Value Type="Text">Submitted</Value>
										</Eq>
									</And>
								</Where>
							</Query>
						</View>
					</CAML>
					<Column dtcName="ID" dgHeaderText="ID" dgColumnWidth="50" spName="ID" spType="Text" Visible="True"/>
					<Column dtcName="Report Number" dgHeaderText="Report #" dgColumnWidth="90" spName="Title" spType="Text" Visible="True"/>
					<Column dtcName="Report Name" dgHeaderText="Report Name" dgColumnWidth="270" spName="Report_x0020_Name_x0020__x0028_C" spType="Text" Visible="True"/>
					<Column dtcName="Due Date" dgHeaderText="Due Date" dgColumnWidth="140" spName="Requested_x0020_Due_x0020_Date_x" spType="DateTime" Visible="True"/>
					<Column dtcName="Report Requestor" dgHeaderText="Report Requester" dgColumnWidth="120" spName="Report_x0020_Requester_x0020__x0" spType="User" Visible="True"/>
				</DataGridView>
				<DataGridView Name="dgvRAOther">
					<CAML>
						<View>
							<Query>
								<OrderBy>
									<FieldRef Name="Requested_x0020_Due_x0020_Date_x" Ascending="TRUE"/>
								</OrderBy>
								<Where>
									<And>
										<Eq>
											<FieldRef Name="AssignedTo"/>
											<Value Type="User">
												<UserID/>
											</Value>
										</Eq>
										<And>
											<Neq>
												<FieldRef Name="Status_x0020__x0028_COMPLETED_x0"/>
												<Value Type="Text">Active</Value>
											</Neq>
											<Neq>
												<FieldRef Name="Status_x0020__x0028_COMPLETED_x0"/>
												<Value Type="Text">Submitted</Value>
											</Neq>
										</And>
									</And>
								</Where>
							</Query>
						</View>
					</CAML>
					<Column dtcName="ID" dgHeaderText="ID" dgColumnWidth="50" spName="ID" spType="Text" Visible="True"/>
					<Column dtcName="Report Number" dgHeaderText="Report #" dgColumnWidth="90" spName="Title" spType="Text" Visible="True"/>
					<Column dtcName="Report Name" dgHeaderText="Report Name" dgColumnWidth="270" spName="Report_x0020_Name_x0020__x0028_C" spType="Text" Visible="True"/>
					<Column dtcName="Status" dgHeaderText="Status" dgColumnWidth="140" spName="Status_x0020__x0028_COMPLETED_x0" spType="Choice"/>
					<Column dtcName="Report Requestor" dgHeaderText="Report Requester" dgColumnWidth="120" spName="Report_x0020_Requester_x0020__x0" spType="User" Visible="True"/>
				</DataGridView>
			</List>
			<List Name="Error Tracking" SPName="Error Tracking">
				<DataGridView Name="dgvETActive">
					<CAML>
						<View>
							<Query>
								<OrderBy>
									<FieldRef Name="Date_x0020_Of_x0020_Error_x0020_" Ascending="TRUE"/>
								</OrderBy>
								<Where>
									<And>
										<Eq>
											<FieldRef Name="AssignedTo"/>
											<Value Type="User">
												<UserID/>
											</Value>
										</Eq>
										<Eq>
											<FieldRef Name="Status"/>
											<Value Type="Text">Active</Value>
										</Eq>
									</And>
								</Where>
							</Query>
						</View>
					</CAML>
					<Column dtcName="ID" dgHeaderText="ID" dgColumnWidth="50" spName="ID" spType="Text" Visible="True"/>
					<Column dtcName="Report Number" dgHeaderText="Report #" dgColumnWidth="90" spName="Title" spType="Text" Visible="True"/>
					<Column dtcName="Report Name" dgHeaderText="Report Name" dgColumnWidth="270" spName="Report_x0020_Name" spType="Text" Visible="True"/>
					<Column dtcName="Date Notified" dgHeaderText="Date Notified" dgColumnWidth="140" spName="Date_x0020_Of_x0020_Error_x0020_" spType="DateTime" Visible="True"/>
					<Column dtcName="Business Contact" dgHeaderText="Business Contact" dgColumnWidth="120" spName="Report_x0020_Requester_x0020__x0" spType="User" Visible="True"/>
				</DataGridView>
				<DataGridView Name="dgvETSubmitted">
					<CAML>
						<View>
							<Query>
								<OrderBy>
									<FieldRef Name="Date_x0020_Of_x0020_Error_x0020_" Ascending="TRUE"/>
								</OrderBy>
								<Where>
									<And>
										<Eq>
											<FieldRef Name="AssignedTo"/>
											<Value Type="User">
												<UserID/>
											</Value>
										</Eq>
										<Eq>
											<FieldRef Name="Status"/>
											<Value Type="Text">Submitted</Value>
										</Eq>
									</And>
								</Where>
							</Query>
						</View>
					</CAML>
					<Column dtcName="ID" dgHeaderText="ID" dgColumnWidth="50" spName="ID" spType="Text" Visible="True"/>
					<Column dtcName="Report Number" dgHeaderText="Report #" dgColumnWidth="90" spName="Title" spType="Text" Visible="True"/>
					<Column dtcName="Report Name" dgHeaderText="Report Name" dgColumnWidth="270" spName="Report_x0020_Name" spType="Text" Visible="True"/>
					<Column dtcName="Date Notified" dgHeaderText="Date Notified" dgColumnWidth="140" spName="Date_x0020_Of_x0020_Error_x0020_" spType="DateTime" Visible="True"/>
					<Column dtcName="Business Contact" dgHeaderText="Business Contact" dgColumnWidth="120" spName="Report_x0020_Requester_x0020__x0" spType="User" Visible="True"/>
				</DataGridView>
				<DataGridView Name="dgvETOther">
					<CAML>
						<View>
							<Query>
								<OrderBy>
									<FieldRef Name="Date_x0020_Of_x0020_Error_x0020_" Ascending="TRUE"/>
								</OrderBy>
								<Where>
									<And>
										<Eq>
											<FieldRef Name="AssignedTo"/>
											<Value Type="User">
												<UserID/>
											</Value>
										</Eq>
										<And>
											<Neq>
												<FieldRef Name="Status"/>
												<Value Type="Text">Active</Value>
											</Neq>
											<Neq>
												<FieldRef Name="Status"/>
												<Value Type="Text">Submitted</Value>
											</Neq>
										</And>
									</And>
								</Where>
							</Query>
						</View>
					</CAML>
					<Column dtcName="ID" dgHeaderText="ID" dgColumnWidth="50" spName="ID" spType="Text" Visible="True"/>
					<Column dtcName="Report Number" dgHeaderText="Report #" dgColumnWidth="90" spName="Title" spType="Text" Visible="True"/>
					<Column dtcName="Report Name" dgHeaderText="Report Name" dgColumnWidth="270" spName="Report_x0020_Name" spType="Text" Visible="True"/>
					<Column dtcName="Status" dgHeaderText="Status" dgColumnWidth="90" spName="Status" spType="Text" Visible="True"/>
					<Column dtcName="Business Contact" dgHeaderText="Business Contact" dgColumnWidth="120" spName="Report_x0020_Requester_x0020__x0" spType="User" Visible="True"/>
				</DataGridView>
			</List>
			<List Name="Process Improvement" SPName="Process Improvement Measurement">
				<DataGridView Name="dgvPINotStarted">
					<CAML>
						<View>
							<Query>
							<Where>
								<And>
									<Or>
									<Contains>
										<FieldRef Name="SSRC_x0020_Resource_x0028_s_x002"></FieldRef>
										<Value Type="User"><UserID/></Value>
									</Contains>
									<Contains>
										<FieldRef Name="Resource_x0028_s_x0029_"></FieldRef>
										<Value Type="User"><UserID/></Value>
									</Contains>
									</Or>
									<Eq>
										<FieldRef Name="PI_x0020_Status" />
										<Value Type="Text">1 - Not Started</Value>
									</Eq>
								</And>
							</Where>
							<OrderBy>
								<FieldRef Name="Date_x0020_SSRC_x0020_Documentat" />
							</OrderBy>
							</Query>
						</View>
					</CAML>
					<Column dtcName="Report Number" dgHeaderText="Report #" dgColumnWidth="60" spName="Title" spType="Text" Visible="True"/>
					<Column dtcName="Report Name" dgHeaderText="Report Name" dgColumnWidth="135" spName="Report_x0020_Name" spType="Text" Visible="True"/>
					<Column dtcName="Description" dgHeaderText="Description" dgColumnWidth="430" spName="Description_x0020_Of_x0020_Impro" spType="Text" Visible="True"/>
					<Column dtcName="Identified On" dgHeaderText="Identified On" dgColumnWidth="93" spName="Date_x0020_SSRC_x0020_Documentat" spType="Date" Visible="True"/>
					<Column dtcName="Identified By" dgHeaderText="Identified By" dgColumnWidth="150" spName="Resource_x0028_s_x0029_" spType="MultiUser" Visible="True"/>
					<Column dtcName="RS Members" dgHeaderText="RS Members Involved" dgColumnWidth="150" spName="SSRC_x0020_Resource_x0028_s_x002" spType="MultiUser" Visible="True"/>
					<MenuOption OpenNewForm="True"/>
				</DataGridView>
				<DataGridView Name="dgvPIAssessment">
					<CAML>
						<View>
							<Query>
							<Where>
								<And>
									<Or>
									<Contains>
										<FieldRef Name="SSRC_x0020_Resource_x0028_s_x002"></FieldRef>
										<Value Type="User"><UserID/></Value>
									</Contains>
									<Contains>
										<FieldRef Name="Resource_x0028_s_x0029_"></FieldRef>
										<Value Type="User"><UserID/></Value>
									</Contains>
									</Or>
									<Eq>
										<FieldRef Name="PI_x0020_Status" />
										<Value Type="Text">2a - Assessment</Value>
									</Eq>
								</And>
							</Where>
							<OrderBy>
								<FieldRef Name="Date_x0020_SSRC_x0020_Documentat" />
							</OrderBy>
							</Query>
						</View>
					</CAML>
					<Column dtcName="Report Number" dgHeaderText="Report #" dgColumnWidth="60" spName="Title" spType="Text" Visible="True"/>
					<Column dtcName="Report Name" dgHeaderText="Report Name" dgColumnWidth="135" spName="Report_x0020_Name" spType="Text" Visible="True"/>
					<Column dtcName="Description" dgHeaderText="Description" dgColumnWidth="430" spName="Description_x0020_Of_x0020_Impro" spType="Text" Visible="True"/>
					<Column dtcName="Identified On" dgHeaderText="Identified On" dgColumnWidth="93" spName="Date_x0020_SSRC_x0020_Documentat" spType="Date" Visible="True"/>
					<Column dtcName="Identified By" dgHeaderText="Identified By" dgColumnWidth="150" spName="Resource_x0028_s_x0029_" spType="MultiUser" Visible="True"/>
					<Column dtcName="RS Members" dgHeaderText="RS Members Involved" dgColumnWidth="150" spName="SSRC_x0020_Resource_x0028_s_x002" spType="MultiUser" Visible="True"/>
					<MenuOption OpenNewForm="True"/>
				</DataGridView>
				<DataGridView Name="dgvPIAnalysis">
					<CAML>
						<View>
							<Query>
							<Where>
								<And>
									<Or>
									<Contains>
										<FieldRef Name="SSRC_x0020_Resource_x0028_s_x002"></FieldRef>
										<Value Type="User"><UserID/></Value>
									</Contains>
									<Contains>
										<FieldRef Name="Resource_x0028_s_x0029_"></FieldRef>
										<Value Type="User"><UserID/></Value>
									</Contains>
									</Or>
									<Eq>
										<FieldRef Name="PI_x0020_Status" />
										<Value Type="Text">2b - Analysis / Recommendation</Value>
									</Eq>
								</And>
							</Where>
							<OrderBy>
								<FieldRef Name="Date_x0020_SSRC_x0020_Documentat" />
							</OrderBy>
							</Query>
						</View>
					</CAML>
					<Column dtcName="Report Number" dgHeaderText="Report #" dgColumnWidth="60" spName="Title" spType="Text" Visible="True"/>
					<Column dtcName="Report Name" dgHeaderText="Report Name" dgColumnWidth="135" spName="Report_x0020_Name" spType="Text" Visible="True"/>
					<Column dtcName="Description" dgHeaderText="Description" dgColumnWidth="430" spName="Description_x0020_Of_x0020_Impro" spType="Text" Visible="True"/>
					<Column dtcName="Identified On" dgHeaderText="Identified On" dgColumnWidth="93" spName="Date_x0020_SSRC_x0020_Documentat" spType="Date" Visible="True"/>
					<Column dtcName="Identified By" dgHeaderText="Identified By" dgColumnWidth="150" spName="Resource_x0028_s_x0029_" spType="MultiUser" Visible="True"/>
					<Column dtcName="RS Members" dgHeaderText="RS Members Involved" dgColumnWidth="150" spName="SSRC_x0020_Resource_x0028_s_x002" spType="MultiUser" Visible="True"/>
					<MenuOption OpenNewForm="True"/>
				</DataGridView>
				<DataGridView Name="dgvPIDeveloping">
					<CAML>
						<View>
							<Query>
							<Where>
								<And>
									<Or>
									<Contains>
										<FieldRef Name="SSRC_x0020_Resource_x0028_s_x002"></FieldRef>
										<Value Type="User"><UserID/></Value>
									</Contains>
									<Contains>
										<FieldRef Name="Resource_x0028_s_x0029_"></FieldRef>
										<Value Type="User"><UserID/></Value>
									</Contains>
									</Or>
									<Eq>
										<FieldRef Name="PI_x0020_Status" />
										<Value Type="Text">2c - Technical Development</Value>
									</Eq>
								</And>
							</Where>
							<OrderBy>
								<FieldRef Name="Date_x0020_SSRC_x0020_Documentat" />
							</OrderBy>
							</Query>
						</View>
					</CAML>
					<Column dtcName="Report Number" dgHeaderText="Report #" dgColumnWidth="60" spName="Title" spType="Text" Visible="True"/>
					<Column dtcName="Report Name" dgHeaderText="Report Name" dgColumnWidth="135" spName="Report_x0020_Name" spType="Text" Visible="True"/>
					<Column dtcName="Description" dgHeaderText="Description" dgColumnWidth="430" spName="Description_x0020_Of_x0020_Impro" spType="Text" Visible="True"/>
					<Column dtcName="Identified On" dgHeaderText="Identified On" dgColumnWidth="93" spName="Date_x0020_SSRC_x0020_Documentat" spType="Date" Visible="True"/>
					<Column dtcName="Identified By" dgHeaderText="Identified By" dgColumnWidth="150" spName="Resource_x0028_s_x0029_" spType="MultiUser" Visible="True"/>
					<Column dtcName="RS Members" dgHeaderText="RS Members Involved" dgColumnWidth="150" spName="SSRC_x0020_Resource_x0028_s_x002" spType="MultiUser" Visible="True"/>
					<MenuOption OpenNewForm="True"/>
				</DataGridView>
				<DataGridView Name="dgvPITesting">
					<CAML>
						<View>
							<Query>
							<Where>
								<And>
									<Or>
									<Contains>
										<FieldRef Name="SSRC_x0020_Resource_x0028_s_x002"></FieldRef>
										<Value Type="User"><UserID/></Value>
									</Contains>
									<Contains>
										<FieldRef Name="Resource_x0028_s_x0029_"></FieldRef>
										<Value Type="User"><UserID/></Value>
									</Contains>
									</Or>
									<Eq>
										<FieldRef Name="PI_x0020_Status" />
										<Value Type="Text">2d - Testing</Value>
									</Eq>
								</And>
							</Where>
							<OrderBy>
								<FieldRef Name="Date_x0020_SSRC_x0020_Documentat" />
							</OrderBy>
							</Query>
						</View>
					</CAML>
					<Column dtcName="Report Number" dgHeaderText="Report #" dgColumnWidth="60" spName="Title" spType="Text" Visible="True"/>
					<Column dtcName="Report Name" dgHeaderText="Report Name" dgColumnWidth="135" spName="Report_x0020_Name" spType="Text" Visible="True"/>
					<Column dtcName="Description" dgHeaderText="Description" dgColumnWidth="430" spName="Description_x0020_Of_x0020_Impro" spType="Text" Visible="True"/>
					<Column dtcName="Identified On" dgHeaderText="Identified On" dgColumnWidth="93" spName="Date_x0020_SSRC_x0020_Documentat" spType="Date" Visible="True"/>
					<Column dtcName="Identified By" dgHeaderText="Identified By" dgColumnWidth="150" spName="Resource_x0028_s_x0029_" spType="MultiUser" Visible="True"/>
					<Column dtcName="RS Members" dgHeaderText="RS Members Involved" dgColumnWidth="150" spName="SSRC_x0020_Resource_x0028_s_x002" spType="MultiUser" Visible="True"/>
					<MenuOption OpenNewForm="True"/>
				</DataGridView>
				<DataGridView Name="dgvPIPendingApproval">
					<CAML>
						<View>
							<Query>
							<Where>
								<And>
									<Or>
									<Contains>
										<FieldRef Name="SSRC_x0020_Resource_x0028_s_x002"></FieldRef>
										<Value Type="User"><UserID/></Value>
									</Contains>
									<Contains>
										<FieldRef Name="Resource_x0028_s_x0029_"></FieldRef>
										<Value Type="User"><UserID/></Value>
									</Contains>
									</Or>
									<Eq>
										<FieldRef Name="PI_x0020_Status" />
										<Value Type="Text">2e - Pending Approval</Value>
									</Eq>
								</And>
							</Where>
							<OrderBy>
								<FieldRef Name="Date_x0020_SSRC_x0020_Documentat" />
							</OrderBy>
							</Query>
						</View>
					</CAML>
					<Column dtcName="Report Number" dgHeaderText="Report #" dgColumnWidth="60" spName="Title" spType="Text" Visible="True"/>
					<Column dtcName="Report Name" dgHeaderText="Report Name" dgColumnWidth="135" spName="Report_x0020_Name" spType="Text" Visible="True"/>
					<Column dtcName="Description" dgHeaderText="Description" dgColumnWidth="430" spName="Description_x0020_Of_x0020_Impro" spType="Text" Visible="True"/>
					<Column dtcName="Identified On" dgHeaderText="Identified On" dgColumnWidth="93" spName="Date_x0020_SSRC_x0020_Documentat" spType="Date" Visible="True"/>
					<Column dtcName="Identified By" dgHeaderText="Identified By" dgColumnWidth="150" spName="Resource_x0028_s_x0029_" spType="MultiUser" Visible="True"/>
					<Column dtcName="RS Members" dgHeaderText="RS Members Involved" dgColumnWidth="150" spName="SSRC_x0020_Resource_x0028_s_x002" spType="MultiUser" Visible="True"/>
					<MenuOption OpenNewForm="True"/>
				</DataGridView>
				<DataGridView Name="dgvPIOther">
					<CAML>
						<View>
							<Query>
							<Where>
								<And>
									<Or>
									<Contains>
										<FieldRef Name="SSRC_x0020_Resource_x0028_s_x002"></FieldRef>
										<Value Type="User"><UserID/></Value>
									</Contains>
									<Contains>
										<FieldRef Name="Resource_x0028_s_x0029_"></FieldRef>
										<Value Type="User"><UserID/></Value>
									</Contains>
									</Or>
									<Or>
									<Eq>
										<FieldRef Name="PI_x0020_Status" />
										<Value Type="Text">3 - Implemented or Completed</Value>
									</Eq>
									<Eq>
										<FieldRef Name="PI_x0020_Status" />
										<Value Type="Text">4 - Rejected</Value>
									</Eq>
									</Or>
								</And>
							</Where>
							<OrderBy>
								<FieldRef Name="Date_x0020_SSRC_x0020_Documentat" Ascending='FALSE' />
							</OrderBy>
							</Query>
						</View>
					</CAML>
					<Column dtcName="Report Number" dgHeaderText="Report #" dgColumnWidth="60" spName="Title" spType="Text" Visible="True"/>
					<Column dtcName="Report Name" dgHeaderText="Report Name" dgColumnWidth="125" spName="Report_x0020_Name" spType="Text" Visible="True"/>
					<Column dtcName="Description" dgHeaderText="Description" dgColumnWidth="325" spName="Description_x0020_Of_x0020_Impro" spType="Text" Visible="True"/>
					<Column dtcName="Status" dgHeaderText="Status" dgColumnWidth="155" spName="PI_x0020_Status" spType="Text" Visible="True"/>
					<Column dtcName="Identified On" dgHeaderText="Identified On" dgColumnWidth="85" spName="Date_x0020_SSRC_x0020_Documentat" spType="Date" Visible="True"/>
					<Column dtcName="Identified By" dgHeaderText="Identified By" dgColumnWidth="135" spName="Resource_x0028_s_x0029" spType="MultiUser" Visible="True"/>
					<Column dtcName="RS Members" dgHeaderText="RS Members Involved" dgColumnWidth="135" spName="SSRC_x0020_Resource_x0028_s_x002" spType="MultiUser" Visible="True"/>
					<MenuOption OpenNewForm="True"/>
				</DataGridView>
			</List>
		</Site>
	</Server>
	<ExceptionFile URN="\\maple.fg.rbc.com\data\Toronto\wrkgrp\wrkgrp11\Shared Services Reporting Centre\Weekly Snapshot of Report Catalogue and Workflow\Exception Report and Outstanding Workflow" FileFilter="Exception Report*.xls?"/>
</SharePointViewer>
