filepath,year,month
I:/HNS Data Analytics & Info Mgmt/National Housing Strategy/Reporting/NHS Reporting tools/Dashboards and NHS uploader/Executive Dashboard/NEW VERSION/PH Waitlist/Data/2021/March/Waitlist.csv,2021,3
I:/HNS Data Analytics & Info Mgmt/National Housing Strategy/Reporting/NHS Reporting tools/Dashboards and NHS uploader/DataLab Phase II/Data/2021/October/Waitlist.csv,2021,10
I:/HNS Data Analytics & Info Mgmt/National Housing Strategy/Reporting/NHS Reporting tools/Dashboards and NHS uploader/DataLab Phase II/Data/2021/November/Waitlist.csv,2021,11
I:/HNS Data Analytics & Info Mgmt/National Housing Strategy/Reporting/NHS Reporting tools/Dashboards and NHS uploader/Executive Dashboard/NEW VERSION/PH Waitlist/Data/2021/December/Waitlist_dec.csv,2021,12
